id,typical hourly rate,previous typical hourly rate,perception of fair pay,dependence on freelance,number of projects,number of projects (government),number of projects (academic),number of projects (private),number of projects (environmental),number of projects (glam),number of projects (non-profit),number of projects (publishers),number of projects (design agency),number of projects (engineering),number of projects (resources),number of projects (private individuals),number of projects (other),other industry types,hourly or flat rate,static or interactive,gender,degrees and certifications,experience level,influence of previous surveys,influence of previous surveys (how),additional comments
1,100,100,1,1,25,9999,6+,9999,9999,2–3,9999,6+,2–3,9999,9999,9999,9999,9999,4,1,Non-binary,Master's,3,Yes,I have continued to feel confident in my rate by seeing what others are charging.,9999
2,100,90,2,4,2,None,None,None,None,None,1,1,2–3,None,None,2–3,9999,9999,5,1,Man,Certificate,3,No,9999,"Just to clarify my response on rate – I tend to work on smaller freelance projects, one-off maps, logos, and such. As a result, I determine what overall value I want to get for the work, and calculate an hourly rate backwards to get there. Sometimes that's 100 per hour, sometimes if it's something I *want* to do it's less. Granted, I don't rely on freelance work as a primary source of income, so that gives me more flexibility for that."
3,110,100,1,1,20,6+,1,None,4–5,None,1,None,None,None,None,9999,9999,9999,2,2,Man,Certificate;Adjacent Degree,3,Yes,9999,9999
4,66,62,2,1,95,None,6+,None,1,2–3,2–3,6+,2–3,None,None,1,None,"Retirement Community - campus map. Maybe the category woud be Real Estate? Housing Community? - Other work I did for a graphic design firm was for their brochure for a developer showing lots sold. I call these ""Community Maps"" in my own bookkeeping records. ",4,1,Woman,Bachelor;Master's,4,Yes,It's always good to see how much others charge. I am hopeful we are all keeping up with inflation this year!,I'd be curious how often people raise hourly rates for continuing hourly rate clients. 
5,95,85,1,1,11,2–3,1,2–3,9999,9999,1,1,9999,2–3,9999,9999,9999,9999,4,2,Woman,Bachelor;Chartered Geographer,4,Yes,It’s given me confidence to charge higher (consultancy) rates and see how other peers charge.,I noticed a big difference in what the publishing  world was able to offer (low) versus what the transport consultancy market allows. 
6,55,55,1,4,15,None,None,None,None,None,None,6+,2–3,None,None,2–3,None,9999,5,1,Man,Bachelor,3,Yes,9999,9999
7,75,75,3,3,5,None,None,None,1,None,1,1,None,None,None,None,9999,9999,4,1,Man,9999,1,No,9999,9999
8,60,60,2,3,9,None,None,None,4–5,None,None,2–3,None,None,None,None,1,9999,2,2,Man,Bachelor;Master's,3,Yes,This has helped me understand whether the rates I ask are within reason,"Thanks for this as always! I think past surveys have occasionally touched on this, but I'd love it if the survey could ask about how people are getting freelance work—the role of marketing, social media, word of mouth, in-person networking, repeat clients, and so on."
9,80,80,1,4,1,None,None,None,1,None,None,None,None,None,None,None,None,9999,1,5,Man,9999,3,Yes,9999,9999
10,110,100,2,3,24,2–3,None,6+,None,None,None,None,None,None,None,None,None,9999,2,2,Man,Some college plus 18 years experience,3,I haven't seen any previous survey results,9999,9999
11,15,15,2,4,1,None,None,None,None,None,None,None,None,None,None,1,None,9999,5,1,Man,PhD,3,No,9999,9999
12,40,40,2,1,11,None,2–3,None,None,6+,None,None,None,None,None,1,None,9999,4,2,Man,Certificate;Adjacent Degree,2,Yes,I increased my rates after reading the 2023 survey,9999
13,80,75,1,1,25,None,None,None,2–3,1,9999,6+,4–5,None,None,1,None,9999,4,2,Man,Master's,3,No,9999,9999
14,80,80,1,1,31,6+,9999,9999,9999,9999,4–5,6+,1,9999,9999,9999,4–5,"destination marketing organizations, real estate company",5,1,Woman,Certificate,3,Yes,raised my rates,9999
15,95,80,1,1,9999,2–3,None,None,4–5,None,2–3,2–3,1,None,None,1,None,9999,2,3,Man,Bachelor;Certificate;Other certification;Adjacent Degree,4,Yes,"While typically operating in a vacuum, it's great to see where my rates fall amongst peers. For my part, freelance rates run on a sliding scale where similarly minded, value-aligned non-profits having a worthy cause typically receive a reduced hourly rate and extractive industy clients are charged double (and in some cases triple). Thank you for putting this together and sharing!",Maybe add a well conceiveed question concerning my sliding rate scale for like-minded NGOs versus extractive industry clients?
16,20,9999,3,4,2,None,1,None,None,None,None,1,None,None,None,None,None,9999,5,2,Woman,Bachelor;Master's,4,No,9999,9999
17,45,9999,1,3,2,None,2–3,None,None,None,None,None,None,None,None,None,None,9999,5,4,Man,Adjacent Degree,1,Yes,It’s helpful to know the ‘going rate’ for freelance GIS work.,9999
18,13,9999,2,4,2,None,1,None,None,None,None,None,None,None,None,1,None,9999,2,2,Man,9999,2,No,9999,9999
19,50,50,2,1,30,6+,None,4–5,None,None,None,None,None,None,None,None,2–3,Law Firm,1,1,Woman,Master's,3,Yes,Makes me more confident when negotiating rates,9999
20,60,60,1,4,6,None,None,None,None,None,2–3,4–5,None,None,None,None,None,9999,4,2,Man,Master's,2,No,9999,9999
21,65,65,2,1,4,None,None,None,None,1,None,2–3,None,None,None,None,None,9999,2,1,Man,Bachelor;Master's,3,Yes,It has helped me set my hourly rate.,9999
22,110,100,1,3,12,None,1,None,1,1,9999,1,1,9999,None,1,None,9999,1,1,Woman,Bachelor;Master's;GISP certification,3,Yes,9999,9999
23,95,9999,1,3,3,None,None,2–3,None,None,None,None,None,None,None,None,9999,9999,1,5,Man,Adjacent Degree,3,Yes,9999,9999
24,75,9999,1,4,8,None,None,6+,None,None,None,None,None,None,None,1,None,9999,2,1,Man,Master's;Certificate,1,Yes,They helped me set my base rates,"I'd love to tease out when/how people might set different rates for different kinds of projects or different kinds of clients.  For instance, I have done most of my work for a client who runs a consultancy that draws their own work from fairly high-dollar clients, so they can and do handle a higher rate than I charge nonprofit clients or private individuals."
25,55,9999,1,4,2,1,None,1,None,None,None,None,None,None,None,None,9999,9999,3,1,Man,Master's,2,Yes,9999,9999
26,9999,9999,9999,9999,9999,9999,9999,9999,9999,9999,9999,9999,9999,9999,9999,9999,9999,9999,9999,9999,9999,9999,9999,No,9999,"I am now a retired cartographer, artist and publisher. "
27,75,75,2,4,4,None,None,None,1,1,2–3,None,None,None,None,None,None,9999,4,3,Man,Master's,2,Yes,9999,9999
28,50,45,1,1,10,2–3,4–5,1,None,1,2–3,4–5,6+,None,None,6+,None,9999,4,2,Non-binary,Bachelor;Certificate,1,I haven't seen any previous survey results,N/A,"I believe it would be helpful to ask more about the challenges freelancers face in negotiating rates and how they manage client expectations. Understanding the balance between quality and affordability is critical in our field.

Oh and by the way, if you're still looking for respondents, surveyswap.io really helped me when I was running a survey myself last year. You fill in surveys from others and get free respondents in return. Perhaps it's also helpful to you. Anyway, good luck with the study!"
29,9999,9999,3,4,7,None,4–5,None,None,None,None,2–3,None,None,None,None,None,9999,4,1,Man,Master's,3,Yes,"Before these surveys came out, I had no idea how others were navigating freelancing and was basically making it up as I went along. Now I'm just making a bit less up as I go along. ;) ",Keep at it! The Survey is a great resource.
30,35,35,3,4,9999,9999,1,9999,9999,9999,9999,2–3,9999,9999,9999,1,9999,9999,3,1,Woman,Master's,1,I haven't seen any previous survey results,9999,9999
31,50,50,3,3,3,None,None,None,None,None,None,2–3,None,None,None,None,None,9999,4,2,Non-binary,Certificate;Adjacent Degree,2,I haven't seen any previous survey results,9999,9999
32,30,45,4,1,12,None,None,None,None,9999,9999,6+,1,9999,9999,9999,9999,9999,5,1,Man,Bachelor,4,I haven't seen any previous survey results,9999,9999
33,115,115,1,1,5,2–3,None,None,None,None,None,None,None,None,None,None,2–3,Transportation & Corporate C-Level map integration,5,4,Man,Certificate;Other certification,3,I haven't seen any previous survey results,9999,9999
34,80,9999,1,3,6,9999,4–5,9999,9999,9999,9999,1,9999,9999,9999,9999,1,Education/curriculum development ,2,1,Woman,Certificate,1,Yes,Helped me set rates by knowing averages in the field,"I have different rates for certain clients - less for non-profits, more for rush job for a corporate client"
35,60,60,1,1,15,2–3,2–3,None,2–3,1,None,2–3,None,None,None,1,None,9999,4,1,Man,Adjacent Degree,2,No,9999,I'd like to know more about the spread between people's smallest-dollar contracts and largest-dollar contracts. I find that my median dollar amount generally goes up as I stay in business longer.
36,60,50,3,2,8,None,None,None,2–3,1,9999,2–3,9999,9999,9999,1,9999,9999,5,1,Woman,9999,3,Yes,9999,9999
37,75,70,2,1,13,1,2–3,2–3,2–3,None,1,None,None,1,None,1,None,9999,2,3,Woman,Bachelor;Master's,3,No,9999,9999
38,80,80,2,1,15,2–3,2–3,2–3,2–3,None,4–5,None,None,None,None,None,None,9999,1,2,Man,9999,3,I haven't seen any previous survey results,9999,9999
39,9999,9999,9999,9999,9999,9999,9999,9999,9999,9999,9999,9999,9999,9999,9999,9999,9999,9999,9999,9999,9999,9999,9999,9999,9999,9999
40,100,9999,1,2,3,9999,1,9999,1,9999,9999,1,9999,9999,9999,9999,9999,9999,2,1,Non-binary,Master's;Adjacent Degree,2,I haven't seen any previous survey results,9999,9999
41,40,30,3,4,7,1,9999,9999,4–5,9999,9999,9999,9999,9999,9999,1,9999,9999,4,1,Man,Certificate;Adjacent Degree,2,Yes,It gave me the confidence to start charging a higher rate,9999
42,100,75,3,4,12,None,None,None,None,None,None,1,2–3,9999,9999,2–3,2–3,Golf courses,5,1,Man,Bachelor;GISP certification;Certificate;Adjacent Degree,3,I haven't seen any previous survey results,9999,9999
43,25,25,2,3,5,2–3,9999,9999,9999,9999,2–3,9999,9999,9999,9999,1,9999,9999,5,2,Man,Bachelor;Other certification,4,I haven't seen any previous survey results,9999,9999
44,115,85,2,3,4,9999,9999,9999,2–3,9999,1,9999,9999,1,9999,9999,9999,9999,2,3,Man,Master's;GISP certification,3,I haven't seen any previous survey results,9999,"I filled this out based on my work I’d consider cartography. I did not include the majority of my work which is more GIS oriented, even if some components included making maps, web maps, dashboards, etc. GIS work (for certain industries especially) seems to get a higher rate. "
45,150,150,1,4,5,9999,2–3,9999,9999,1,9999,1,9999,9999,9999,9999,9999,9999,3,2,Man,9999,3,I haven't seen any previous survey results,9999,"Sometimes I quote a flat rate, but charge hourly overages for heavy revisions or scope changes. Maybe an option to indicate that?"
46,150,100,1,2,50,None,9999,1,9999,9999,9999,9999,9999,1,9999,9999,6+,"energy, geoglogy, outdoors, ",2,3,Man,Adjacent Degree,4,I haven't seen any previous survey results,9999,9999
47,9999,75,1,4,1,None,1,None,None,None,None,1,None,None,None,None,None,9999,4,2,Woman,Master's;Certificate,2,I haven't seen any previous survey results,9999,9999
48,25,25,2,4,1,None,None,None,None,None,1,None,None,None,None,None,None,9999,1,1,Man,Bachelor;Master's;GISP certification,4,I haven't seen any previous survey results,9999,9999
49,35,35,2,4,5,2–3,None,None,1,None,1,2–3,None,1,None,None,None,9999,5,3,Woman,GISP certification;Adjacent Degree,3,No,9999,I am lucky enough to be able to set my hourly and flat rates low as I do not have to rely on my freelancing as a primary source of income.  
50,9999,65,2,3,20,None,1,None,6+,None,9999,4–5,2–3,None,None,None,None,9999,3,1,Woman,Certificate;Adjacent Degree,4,Yes,"While markets vary, knowing what other people charge per hour is very helpful.",9999
51,9999,9999,3,4,2,None,None,None,None,None,1,1,None,None,None,None,None,9999,9999,3,Man,Computer Science,9999,I haven't seen any previous survey results,9999,Most map making an adjunct to mesh networking research
52,120,120,2,1,5,None,None,2–3,None,2–3,1,None,None,None,None,None,None,9999,2,4,Man,9999,2,I haven't seen any previous survey results,9999,9999
53,40,140,2,2,15,4–5,None,None,None,None,1,None,1,None,None,4–5,9999,9999,4,1,Man,Bachelor,4,No,9999,"Perhaps include a section for free work, or donated, such as citizen advocacy, city planning stakeholder, something for a cause/charity - otherwise that pulls down the hourly rate value."
54,45,40,2,4,4,None,2–3,None,None,1,None,None,None,None,None,None,None,9999,4,1,Woman,Bachelor;Master's;Certificate;Adjacent Degree,2,No,9999,9999
